name,height,height_group,temperature,status
Jaimy,174,average,39,fever
Robin,180,average,35,normal
Jentje,189,tall,35,normal
Dominique,185,tall,39,fever
Sam,179,average,37,normal
Bo,188,tall,40,fever
Jamie,174,average,38,fever
Willy,174,average,34,normal
Ali-Indy,172,average,39,fever
Jos,180,average,37,normal
Jos-Jamie,190,tall,38,fever
Marijn,164,average,36,normal
Dani-Ali,175,average,39,fever
Jaimy-Robin,177,average,37,normal
Eliza-Jamie,170,average,37,normal
Senna-Eliza,169,average,41,fever
Senna-Ruth,179,average,41,fever
Bo-Indy,177,average,38,fever
Sam-Eliza,179,average,41,fever
Marijn-Ali,171,average,35,normal
Nicky-Nicky,174,average,39,fever
Dani,183,tall,34,normal
Indy-Indy,188,tall,35,normal
Bo-Jentje,182,tall,37,normal
Nicky,184,tall,36,normal
Dani-Jos,182,tall,40,fever
Dominique-Henny,183,tall,40,fever
Senna-Indy,178,average,36,normal
Senna-Senna,186,tall,34,normal
Sam-Jentje,168,average,38,fever
Ali,180,average,40,fever
Henny,175,average,40,fever
Ruth,172,average,38,fever
Ruth-Henny,170,average,37,normal
Indy-Eliza,170,average,36,normal
Dominique-Eliza,173,average,36,normal
Nicky-Indy,184,tall,37,normal
Eliza-Sam,165,average,39,fever
Jamie-Sam,170,average,40,fever
Marijn-Dani,185,tall,35,normal
Indy,179,average,36,normal
Senna,161,average,38,fever
Dani-Indy,173,average,39,fever
Marijn-Bo,184,tall,32,normal
Willy-Luca,171,average,38,fever
Robin-Nicky,170,average,36,normal
Indy-Bo,174,average,34,normal
Eliza-Nicky,182,tall,38,fever
Luca,184,tall,38,fever
Dominique-Sam,171,average,37,normal
Jos-Dani,185,tall,37,normal
Indy-Dani,172,average,36,normal
Jamie-Nicky,169,average,41,fever
Luca-Indy,166,average,36,normal
Sam-Indy,168,average,40,fever
Willy-Jamie,177,average,35,normal
Senna-Jamie,177,average,37,normal
Henny-Dani,173,average,36,normal
Dominique-Indy,177,average,36,normal
Robin-Jaimy,174,average,39,fever
Senna-Sam,176,average,37,normal
Dominique-Bo,167,average,39,fever
Jos-Nicky,165,average,36,normal
Bo-Jaimy,173,average,38,fever
Indy-Luca,159,average,36,normal
Robin-Ali,168,average,38,fever
Senna-Jaimy,183,tall,37,normal
Senna-Willy,177,average,38,fever
Willy-Willy,164,average,38,fever
Senna-Dominique,171,average,38,fever
Nicky-Jamie,179,average,37,normal
Eliza,177,average,39,fever
Willy-Marijn,183,tall,34,normal
Jamie-Indy,157,average,37,normal
Eliza-Ruth,173,average,37,normal
Marijn-Willy,178,average,34,normal
Luca-Jaimy,163,average,37,normal
Eliza-Ali,184,tall,35,normal
Willy-Dominique,171,average,37,normal
Jaimy-Dominique,193,tall,33,normal
Jaimy-Jamie,180,average,38,fever
Jamie-Luca,173,average,38,fever
Dominique-Jaimy,176,average,39,fever
Nicky-Ali,173,average,39,fever
Bo-Nicky,168,average,39,fever
Dominique-Ali,172,average,36,normal
Nicky-Ruth,172,average,33,normal
Ali-Jaimy,171,average,38,fever
