name,age,group
Peter,11,junior
Alex,25,adult
Sandra,43,adult
Eva,55,adult
Adam,66,senior
Jamie,5,junior
Indy,10,junior
Marijn,84,senior
Ali-Indy,2,junior
Jentje,63,adult
Dominique,21,adult
Jos,21,adult
Marijn-Dani,42,adult
Bo,63,adult
Ali,5,junior
Jaimy,5,junior
Marijn-Luca,32,adult
Eliza-Jamie,42,adult
Senna-Eliza,63,adult
Henny-Sam,62,adult
Senna-Ruth,62,adult
Indy-Bo,5,junior
Willy,63,adult
Sam-Eliza,32,adult
Sam,62,adult
Jaimy-Jamie,32,adult
Nicky-Nicky,63,adult
Luca-Jamie,60,adult
Dani-Bo,21,adult
Marijn-Ruth,62,adult
Nicky,2,junior
Dani,2,junior
Dominique-Dominique,63,adult
Senna-Indy,74,senior
Robin,36,adult
Senna-Senna,74,senior
Jentje-Dani,60,adult
Dominique-Ali,32,adult
Henny,21,adult
Ruth-Jentje,36,adult
Dani-Ali,62,adult
Eliza-Jaimy,27,adult
Eliza,60,adult
Dominique-Eliza,63,adult
